,KAPT_CODE,CONVENIENT_FACILITY,EDUCATION_FACILITY,KAPTD_PCNT,KAPTD_PCNTU,KAPTD_WTIMEBUS,KAPTD_WTIMESUB,SUBWAY_LINE,SUBWAY_STATION,KAPTDA_CNT1,KAPTDA_CNT2,KAPTDA_CNT3,KAPTDA_CNT4
0,A13593901,관공서(수서경찰서) 병원(삼성의료원) 공원(한마음공원),초등학교(대진) 중학교(중동중학교) 고등학교(중동고등학교),19,483,5분이내,5~10분이내,3호선,대청,0,0,84,128
1,A13593908,"관공서(수서경찰서) 병원(삼성의료원) 백화점(롯데백화점,현대백화점) 공원(한마음공원)","초등학교(대진,양천) 중학교(개원) 고등학교(경기여고)",0,0,5분이내,5분이내,중앙선,대모산,1623,0,0,0
2,A13524006,"관공서(개포4동사무소) 병원(삼성의료원,영동세브란스) 백화점(롯데백화점) 공원(달터공원)",초등학교(구룡) 중학교(구룡) 고등학교(개포),500,0,5~10분이내,10~15분이내,3호선,매봉,0,112,230,216
3,A13580602,"관공서(개포치안센터, 개포119안전센터) 병원(연세대학교강남세브란스병원) 백화점(롯데백화점) 대형상가(하나로마트) 공원(달터공원) 기타(개포도서관)","초등학교(개원,구룡,개일초) 중학교(구룡중) 고등학교(개포고)",1126,0,5분이내,5~10분이내,"3호선, 분당선",구룡,0,3,387,288
4,A13524009,"관공서(일원동 사무소, 수서경찰서)",-,438,73,5분이내,5~10분이내,3호선,-,1753,0,0,0
5,A13580801,-,-,1160,0,5분이내,-,-,-,1970,0,0,0
6,A13524004,"관공서(개포1동사무소) 병원(삼성의료원,영동세브란스) 백화점(롯데백화점) 공원(개포까치공원)",초등학교(개일) 중학교(구룡) 고등학교(개포),419,0,5~10분이내,5~10분이내,"3호선, 분당선",도곡 구룡,0,0,285,120
7,A13580002,병원(삼성서울병원(차량 10분)) 백화점(롯데백화점(강남점)) 대형상가(개포5단지상업시설(상가)) 공원(개포서근린공원(바로 옆)),"초등학교(구룡초) 중학교(구룡중) 고등학교(개포고,경기여고)",138,0,5분이내,5분이내,분당선,"개포동역,구룡역",0,261,0,0
8,A13580601,"관공서(개포1동사무소) 병원(삼성의료원,영동세브란스) 백화점(롯데백화점) 공원(달터공원)",초등학교(개일) 중학교(구룡) 고등학교(개포),106,16,5~10분이내,5~10분이내,"3호선, 분당선",도곡,0,232,0,0
9,A13580204,병원(삼성의료원) 백화점(롯데백화점) 공원(개포공원) 기타(서울시립도서관),"초등학교(개일,개원) 중학교(구룡) 고등학교(개포,경기여고교,수도공고)",868,0,5~10분이내,10~15분이내,"3호선, 분당선","도곡, 개포동",660,740,0,0
10,A13580103,"병원(삼성의료원, 영동세브란스) 백화점(롯데백화점) 공원(개포공원) 기타(서울시립도서관)","초등학교(개포,양천) 중학교(개원,구룡) 고등학교(수도공고,경기여고)",722,0,5~10분이내,5~10분이내,중앙선,개포동,1160,0,0,0
11,A13580003,"관공서(수서경찰서) 병원(삼성의료원) 백화점(롯데백화점,현대백화점) 공원(개포어린이공원)","초등학교(양천,개포) 중학교(개원) 고등학교(수도공고,경기여고)",1850,0,5~10분이내,5~10분이내,중앙선,"대모산,개포동",2840,0,0,0
12,A13599402,"관공서(수서경찰서) 병원(삼성의료원) 백화점(롯데백화점,현대백화점) 대형상가(LG하이프라자) 공원(근린공원)","초등학교(양천,개포) 중학교(개원) 고등학교(수도공고,경기여고)",652,0,5~10분이내,5~10분이내,분당선,개포동역,190,750,0,0
13,A13599303,"관공서(수서경찰서) 병원(삼성의료원) 백화점(롯데백화점,현대백화점) 대형상가(LG하이프라자) 공원(예지어린이공원)","초등학교(양전,개포) 중학교(개원) 고등학교(수도공고,경기여고)",1100,0,5~10분이내,5~10분이내,분당선,"대모산입구역, 개포동역",220,840,0,0
14,A13599301,"관공서(개원치안센터, 개포119안전센터) 병원(삼성서울병원) 백화점(롯데백화점) 대형상가(하나로마트) 공원(달터공원) 기타(개포도서관)","초등학교(개포,양천초) 중학교(개원,구룡중) 고등학교(수도공고,경기여고)",1100,0,5분이내,5분이내,분당선,"개포,대모산",180,720,0,0
15,A13524005,"관공서(개포1동사무소) 병원(삼성의료원,영동세브란스, 이원경 내과) 백화점(롯데백화점)",초등학교(개일) 중학교(구룡) 고등학교(개포),453,0,5~10분이내,5~10분이내,"3호선, 분당선","매봉, 구룡",0,0,208,208
16,A13580001,"병원(삼성의료원,삼성세브란스) 백화점(롯데백화점) 공원(배밭근린공원)","초등학교(개일) 중학교(구룡) 고등학교(수도공고,경기여고,개포고)",330,0,5~10분이내,5분이내,분당선,"구룡,개포동",0,54,36,108
17,A13594007,"관공서(수서경찰서) 병원(삼성의료원) 백화점(롯데백화점,현대백화점) 대형상가(롯데마트, 킴스클럽) 공원(한마음공원)","초등학교(대진,양천) 중학교(개원) 고등학교(경기여고)",280,50,5분이내,5~10분이내,"3호선, 중앙선","대모산,대청",822,0,0,0
18,A10025203,관공서(강남구청) 병원(강남세브란스) 백화점(롯데백확점) 대형상가(이마트) 공원(개포근린공원),"초등학교(양전초등학교) 중학교(중동중학교) 고등학교(경기여자고등학교, 수도전기공업고등학교)",0,2103,5분이내,5~10분이내,분당선,개포동역,426,629,261,4
19,A10025675,백화점() 대형상가() 공원() 기타(),초등학교() 중학교() 고등학교(),0,3153,5분이내,5~10분이내,"3호선, 분당선",-,661,780,511,5
20,A13583301,-,-,13,226,5분이내,5~10분이내,"7호선, 9호선",학동역.선정릉역,0,76,84,0
21,A13582002,-,-,580,0,10~15분이내,10~15분이내,7호선,-,0,380,120,48
22,A13501004,병원(안세병원) 대형상가(삼성디지털프라자) 공원(논현은행나무공원),초등학교(신구초등교) 중학교(언북중교) 대학교(영국메리스트우드골프대학교),226,458,10~15분이내,10~15분이내,3호선,신사,273,219,152,0
23,A13501001,관공서(논현2동사무소) 병원(서울산부인과) 대형상가(LG하이프라자) 공원(논현소나무공원),초등학교(학동초등교) 중학교(언주중교) 고등학교(영동고교),0,572,10~15분이내,10~15분이내,"7호선, 분당선",강남구청,0,0,0,203
24,A13572601,병원(),초등학교(),0,189,5분이내,5분이내,7호선,-,236,0,0,0
25,A13501002,관공서(논현1동사무소) 병원(동국대강남한방병원) 대형상가(LG하이프라자-학동점) 공원(학동공원),초등학교(신구초등교) 중학교(언북중교),16,184,5분이내,5~10분이내,7호선,학동,260,0,0,0
26,A13501006,"관공서(강남구청, 강남보건소, 강남교육구청, 강남도서관) 병원(강남세브란스병원) 백화점(현대백화점, 롯데백화점, 신세계백화점) 대형상가(이마트, 롯데마트) 공원(선릉공원) 기타(cctv는 주차장에 많이설치되어 면적보다 많이 설치됨이 확실합니다(168대 설치맞습니다))","초등학교(학동초등학교) 중학교(언북중학교, 언주중학교, 진선여자중학교) 고등학교(경기고등학교, 영동고등학교, 청담고등학교, 진선여자고등학교)",0,645,5분이내,5분이내,"9호선, 분당선",선정릉역,34,222,112,0
27,A13528105,공원(개포제5공원),초등학교(대치초등학교) 중학교(대청중학교) 고등학교(숙명여자고등학교),1230,0,5분이내,5분이내,"3호선, 분당선","도곡역, 대치역",0,330,600,210
28,A10026924,관공서() 병원() 백화점() 대형상가(),초등학교() 중학교() 고등학교(),0,411,5~10분이내,5~10분이내,분당선,-,4,104,131,0
29,A13528101,관공서(대치1동사무소) 병원(박동원한의원) 백화점(롯대백화점) 대형상가(남서울종합상가) 공원(한터근린공원),초등학교(대치초등학교) 중학교(단국사대부속중학교) 고등학교(단국사대부속고등학교),224,0,5~10분이내,5분이내,3호선,대치,0,140,60,0
30,A13528001,병원(진용한안과) 백화점(현대백화점) 대형상가(LG하이프라자-테헤란로점) 공원(공원),초등학교(도곡초등학교) 중학교(단국대부속중학교) 고등학교(단국대부속중학교),9,201,5분이내,5분이내,2호선,선릉,210,0,0,0
31,A13528103,관공서(대치1동사무소) 병원(김&이치과) 백화점(롯대백화점) 대형상가(남서울근린공원) 공원(한터근린공원),초등학교(대치초등학교) 중학교(단국사대부속중학교) 고등학교(단국사대부속고등학교),0,1804,5분이내,5분이내,"3호선, 분당선",대치역,0,0,198,607
32,A13528004,관공서(대치1동사무소) 병원(세일내과) 대형상가(하이마트-대치점) 공원(공원) 기타(서울무역전시장),초등학교(대곡초등학교) 중학교(휘문중학교) 고등학교(휘문고등학교),2997,0,5분이내,5분이내,3호선,대치,0,616,1344,476
33,A13528003,관공서(대치1동사무소) 병원(정재근치과) 백화점(롯데백화점) 대형상가(LG하이프라자) 공원(한터근린공원),초등학교(대치초등학교) 중학교(단국대부속중학교) 고등학교(단국대부속고등학교),227,1011,5~10분이내,5~10분이내,"3호선, 신분당선",대치역 / 한티역,249,192,519,0
34,A13583604,관공서(대치1동사무소) 병원(세일내과) 대형상가(하이마트-대치점) 공원(한터그린공원),초등학교(대치초등학교) 중학교(대청중학교) 고등학교(단국공업고등학교),1255,0,5분이내,5분이내,3호선,대치,0,260,348,426
35,A13583402,-,-,468,0,5분이내,5~10분이내,3호선,학여울,0,140,224,0
36,A13528102,"백화점(롯데백화점) 공원(달터근린공원,양재천)","초등학교(대도,대치) 중학교(대청,단국사대부속,숙명여) 고등학교(단국사대부속,숙명여)",0,1171,5분이내,5분이내,분당선,한티,150,238,236,144
37,A13583403,관공서(대치2동 주민센타) 병원(삼성 서울병원) 백화점(현대백화점),-,498,0,5~10분이내,5~10분이내,3호선,학여울역,0,224,252,0
38,A13584101,병원(신한철피부과의원) 백화점(현대백화점) 대형상가(LG하이프라자-테헤란로점) 공원(공원) 기타(코엑스),초등학교(도곡초등학교) 중학교(단국대부속중학교) 고등학교(단국대부속고등학교),0,655,15~20분이내,15~20분이내,2호선,선릉,0,0,0,276
39,A13583701,관공서(대치2동사무소) 병원(이재신치과) 백화점(롯데백화점) 대형상가(전자랜드-대치점) 공원(대치목련공원),초등학교(대현초등학교) 중학교(휘문중학교) 고등학교(휘문고등학교),74,612,15~20분이내,15~20분이내,3호선,삼성,286,203,141,0
40,A10027800,관공서() 병원() 백화점() 대형상가() 공원(),중학교() 고등학교(),0,3119,5분이내,5분이내,"3호선, 분당선","도곡역, 대치역",54,447,1011,96
41,A13528007,관공서(대치3동사무소) 병원(21세기한의원) 백화점(롯데백화점) 대형상가(전자랜드-대치점),초등학교(대현초등학교) 중학교(휘문중학교) 고등학교(휘문고등학교),0,461,5~10분이내,10~15분이내,"2호선, 3호선",학여울,0,0,354,0
42,A13583404,공원(공원),초등학교(대곡초등학교) 중학교(휘문중학교) 고등학교(휘문고등학교),670,0,5분이내,5분이내,3호선,학여울,0,270,240,120
43,A13583507,관공서(대치1동사무소) 병원(삼성의료원) 백화점(롯데) 대형상가(은마상가) 공원(공원) 기타(서울무역전시장),초등학교(대곡초등학교) 중학교(휘문중학교) 고등학교(휘문고등학교),3021,0,5분이내,5분이내,3호선,대치,0,4424,0,0
44,A13528005,병원(이든치과) 백화점(현대백화점) 대형상가(LG하이프라자-테헤란로점) 공원(선릉공원),"초등학교(도곡초등학교) 중학교(단국대부속중학교) 고등학교(단국대부속중학교,경기고등학교)",0,280,5~10분이내,5~10분이내,2호선,선릉,344,28,0,0
45,A13527018,관공서(양재1동사무소) 병원(영동세브란스병원),초등학교(언주초등학교) 중학교(은광여자중학교) 고등학교(은광여자고등학교),0,176,5분이내,5분이내,"3호선, 신분당선",양재,67,109,0,0
46,A13527013,관공서(도곡2동사무소) 병원(영동세브란스병원) 대형상가(타워팰리스) 공원(도곡근린공원),중학교(대치중학교) 고등학교(숙명여고),599,0,5분이내,5~10분이내,3호선,매봉,0,99,144,216
47,A13585401,관공서(도곡2동사무소) 병원(영동세브란스병원) 대형상가(타워팰리스) 공원(도곡근린공원),중학교(대치중학교) 고등학교(숙명여고),180,0,5~10분이내,5~10분이내,3호선,매봉,0,180,0,0
48,A13527007,병원(영동세브란스),"초등학교(언주) 중학교(도곡,역삼) 고등학교(은광여)",8,540,5분이내,5분이내,"2호선, 신분당선",-,0,123,198,0
49,A13527016,관공서(도곡2동사무소) 병원(영동세브란스병원) 대형상가(타워팰리스) 공원(도곡근린공원),중학교(대치중학교) 고등학교(숙명여고),370,0,5~10분이내,5~10분이내,3호선,매봉,404,216,0,0
50,A13527008,병원(영동세브란스병원),초등학교(언주초등학교) 중학교(은광여자중학교) 고등학교(은광여자고등학교),38,351,10~15분이내,10~15분이내,3호선,양재,120,192,36,0
51,A13586101,"관공서(서초구청) 병원(영동세브란스병원) 백화점(롯데백화점, ) 대형상가(삼성디지털프라자, 이마트, 농협하나로마트, 코스트코) 공원(매봉공원)","초등학교(언주초등학교) 중학교(은광여자중학교, 은성중학교) 고등학교(은광여자고등학교)",79,47,5분이내,5~10분이내,"3호선, 신분당선","양재역, 매봉역",0,197,0,0
52,A13527014,관공서(도곡동사무소) 병원(영동세브란스병원) 백화점(롯데백화점) 대형상가(타워팰리스) 공원(도곡근린공원),중학교(대치중학교) 고등학교(숙명여고),0,1338,5분이내,5~10분이내,"3호선, 분당선",도곡,4,6,174,306
53,A13527001,관공서(양재1동사무소) 병원(영동세브란스병원) 대형상가(LG하이프라자),초등학교(언주초등학교) 중학교(은광여자중학교) 고등학교(은광여자고등학교),0,123,5~10분이내,5~10분이내,3호선,양재,155,0,0,0
54,A13527203,관공서(도곡동사무소) 병원(영동세브란스병원) 백화점(롯데백화점) 대형상가(도곡렉슬) 공원(도곡근린공원) 기타(도곡 시장),초등학교(대도초등학교) 중학교(숙명여중) 고등학교(숙명여고),0,4435,5분이내,5분이내,중앙선,한티,601,936,1402,63
55,A13527004,관공서(도곡동사무소) 병원(영동세브란스) 백화점(롯데백화점) 대형상가(타워팰리스) 공원(도곡근린공원),초등학교(대도초등학교) 중학교(대치중학교) 고등학교(숙명여고),220,0,5분이내,5분이내,3호선,매봉,115,116,0,0
56,A13550502,관공서(도곡동사무소) 병원(영동세브란스) 백화점(롯데) 대형상가(타워팰리스) 공원(도곡근린공원),초등학교(대도) 중학교(숙명) 고등학교(숙명),58,1164,5분이내,5~10분이내,"3호선, 분당선",도곡,144,192,396,0
57,A13527019,병원(강남세브란스병원),"초등학교(언주초교) 중학교(은광여중교,도곡중교,대치중교) 고등학교(대치고교,은광여고교)",59,355,5~10분이내,5~10분이내,"3호선, 신분당선",양재역,0,48,288,48
58,A13550403,병원(영동세브란스병원) 공원(),초등학교(언주초등학교) 중학교(은광여자중학교) 고등학교(은광여자고등학교),441,0,10~15분이내,10~15분이내,3호선,양재,65,266,90,0
59,A13586102,관공서(도곡1동사무소) 병원(영동세브란스병원) 백화점() 대형상가() 공원(),초등학교(언주초등학교) 중학교(은광여자중학교) 고등학교(은광여자고등학교),73,79,10~15분이내,10~15분이내,3호선,양재,0,211,0,0
60,A13527002,관공서(도곡1동사무소) 병원(영동세브란스병원),초등학교(언주초등학교) 중학교(은광여자중학교) 고등학교(은광여자고등학교),30,126,10~15분이내,10~15분이내,3호선,양재,0,171,0,0
61,A13585404,관공서(강남구청) 병원(강남세브란스) 백화점(롯데),"초등학교(대도초) 중학교(숙명여중) 고등학교(숙명여고,중대부속고)",0,510,5~10분이내,5분이내,분당선,한티역,81,159,157,0
62,A13527011,관공서(도곡동사무소) 병원(영동세브란스병원) 백화점(롯데백화점) 대형상가(라성플라자) 공원(도곡근린공원),중학교(대치중학교) 고등학교(숙명여고),3,805,5분이내,5분이내,"3호선, 분당선",도곡,0,88,220,106
63,A13585804,관공서(도곡1동사무소) 병원(영동세브란스병원) 대형상가(삼성디지털프라자-강남점) 공원(도곡공원),초등학교(언주초등학교) 중학교(은광여자중학교) 고등학교(은광여자고등학교),658,419,5~10분이내,10~15분이내,3호선,양재,0,674,420,0
64,A13527006,관공서() 병원() 백화점() 대형상가() 공원(),초등학교() 중학교() 고등학교(),285,0,5~10분이내,10~15분이내,"2호선, 3호선, 9호선",-,0,0,143,104
65,A13527010,관공서(도곡1동주민센터) 병원(강남베드로병원),초등학교(언주초등학교) 중학교(은성중학교) 고등학교(은광여고),330,0,5분이내,5~10분이내,3호선,-,0,390,0,0
66,A13527003,관공서(도곡2동사무소) 병원(강남세브란스병원) 대형상가(타워팰리스) 공원(양재천),중학교(대치중학교) 고등학교(숙명여고),0,342,5~10분이내,5~10분이내,"3호선, 분당선",도곡,0,0,99,100
67,A13527017,관공서(도곡동사무소) 병원(영동세브란스병원) 대형상가(타워팰리스) 공원(도곡근린공원),초등학교(개일초등학교) 중학교(대치중학교) 고등학교(숙명여고),24,3630,5분이내,5분이내,3호선,도곡,0,114,84,1099
68,A13585402,관공서(대곡2동사무소) 병원(영동세브란스병원) 대형상가(타워팰리스) 공원(도곡근린공원),중학교(대치중학교) 고등학교(숙명여고),0,2276,5분이내,5분이내,"3호선, 분당선",도곡,0,8,206,599
69,A13585403,관공서(도곡동사무소) 병원(영동세브란스병원) 백화점(롯데백화점) 대형상가(타워팰리스) 공원(도곡근린공원),초등학교(대도초) 중학교(대치중) 고등학교(숙명여고),0,1266,5분이내,5분이내,"3호선, 분당선",도곡,0,0,76,404
70,A13527005,관공서(대곡2동사무소) 병원(영동세브란스병원) 대형상가(타워팰리스) 공원(도곡근린공원),중학교(대치중학교) 고등학교(숙명여고),0,291,5분이내,5분이내,3호선,도곡,232,0,0,0
71,A13550802,관공서(강남구청) 병원(양동우치과) 백화점(현대) 공원(삼성목련공원),초등학교(삼릉초) 중학교(언주중) 고등학교(경기고),600,0,5~10분이내,5~10분이내,7호선,청담역,0,157,249,72
72,A10026350,"관공서(강남구청,삼성2동주민센터,삼성2동파출소) 병원(우리들병원) 공원(선릉과 정릉, 청담그린공원)","초등학교(삼릉초등학교, 봉은초등학교) 중학교(언주중학교,봉은중학교,언북중학교) 고등학교(영동고등학교, 경기고등학교)",0,743,5분이내,5~10분이내,"7호선, 9호선","청담역,삼성중앙역",115,204,75,22
73,A13550701,관공서(강남구청) 병원(서울치과) 백화점(현대) 공원(삼성은행나무공원),초등학교(삼릉초) 중학교(언주중) 고등학교(경기고),0,520,5~10분이내,5~10분이내,"7호선, 분당선",강남구청,60,90,0,148
74,A13570501,관공서(강남구청) 백화점(현대),초등학교(삼릉) 중학교(언주),0,1291,5분이내,5~10분이내,7호선,청담,186,740,0,0
75,A13509005,"관공서(강남구청,강남세무서)","초등학교(삼릉,학동,언북) 중학교(언주) 고등학교(영동)",0,484,5분이내,5분이내,"7호선, 분당선",강남구청,0,46,196,33
76,A13509007,관공서(강남구청) 병원(우리들병원) 백화점(현대) 공원(삼성은행나무공원),초등학교(삼릉초) 중학교(언주중) 고등학교(경기고),100,400,5~10분이내,5~10분이내,7호선,청담역,99,84,156,0
77,A13509010,병원(차소아과의원) 공원(삼성은행나무공원),"초등학교(삼릉,언북,학동) 중학교(언주) 고등학교(영동)",10,1368,5분이내,5분이내,"7호선, 분당선",강남구청,0,158,415,140
78,A13509006,관공서(강남구청) 병원(김진섭치과) 백화점(현대) 대형상가(LG하이프라자) 공원(삼성은행나무공원),초등학교(삼릉초) 중학교(언주중) 고등학교(경기고),38,259,5분이내,5분이내,"7호선, 신분당선",강남구청,152,152,0,0
79,A13509101,공원(),초등학교() 중학교(),74,56,5분이내,5~10분이내,7호선,-,0,167,0,0
80,A13509003,관공서(주민센터) 병원(정봉준치과) 백화점(현대) 대형상가(코엑스몰) 공원(청담공원) 기타(코엑스),초등학교(봉은초) 중학교(봉은중) 고등학교(경기고),61,220,5~10분이내,5~10분이내,"7호선, 9호선",청담,123,75,54,0
81,A13509004,관공서(강남구청) 병원(미래치과) 백화점(현대) 공원(삼성은행나무공원),초등학교(삼릉초) 중학교(언주중) 고등학교(경기고),31,272,5~10분이내,5~10분이내,7호선,강남구청,114,89,60,0
82,A13509001,관공서(강남구청) 병원(미래치과) 백화점(현대) 공원(삼성은행나무공원),초등학교(삼릉초) 중학교(언주중) 고등학교(경기고),30,245,5~10분이내,5~10분이내,7호선,강남구청,89,60,49,0
83,A13586602,"병원(제일정형외과, 튼튼병원 등) 백화점(현대백화점) 공원(청담공원)",초등학교(봉은) 중학교(봉은) 고등학교(경기),378,0,5분이내,5~10분이내,"7호선, 9호선",-,0,0,336,48
84,A13509012,관공서(강남구청) 백화점(현대백화점),초등학교(삼릉초교) 중학교(언주중교),0,1514,5분이내,5~10분이내,"7호선, 9호선",청담,230,744,170,0
85,A13587603,"관공서(삼성2동주민자치센터,강남구청) 병원(이승원성형외과) 백화점(현대) 대형상가(삼성디지털프라자-선릉점) 공원(삼릉공원) 기타(코엑스)",초등학교(삼릉초) 중학교(진선여중) 고등학교(진선여고),0,341,5분이내,5분이내,"2호선, 분당선",선릉,293,0,0,0
86,A13509009,"관공서(삼성1동 주민센터) 백화점(현대백화점) 기타(코엑스, 봉은사)",초등학교(봉은초등학교) 중학교(봉은중학교) 고등학교(경기고등학교),0,1247,5분이내,5분이내,7호선,7호선 청담역,0,0,0,449
87,A13519005,관공서(세곡동주민센터) 병원(삼성의료원) 백화점(강남롯데백화점) 대형상가(이마트),초등학교(대왕초) 고등학교(세종고),4,846,5~10분이내,15~20분이내,"3호선, 신분당선",수서,44,243,259,0
88,A13519001,-,초등학교(대왕초),0,420,5~10분이내,20분초과,-,-,395,0,0,0
89,A13519007,관공서(세곡동주민센터) 병원() 대형상가(이마트) 공원() 기타(헌인릉),"초등학교(세명초,대왕초) 중학교(세곡중학교)",0,995,5분이내,10~15분이내,"3호선, 분당선",수서역,324,485,0,0
90,A10027558,-,-,0,398,5분이내,15~20분이내,"5호선, 분당선",-,0,0,199,0
91,A13519003,공원(),초등학교(대왕초),3,404,5~10분이내,15~20분이내,"3호선, 분당선",-,247,116,0,0
92,A13519004,관공서(세곡동주민센터) 병원(강남구립행복요양병원.) 대형상가(이마트) 공원(세곡천어린이공원.세곡해오름공원.) 기타(국민건강보험공단 서울요양원.커뮤니티쎈터(강남구청)),초등학교(대왕초등학교) 중학교(세곡중학교) 고등학교(풍문고등학교),0,439,5~10분이내,10~15분이내,"3호선, 신분당선",수서,323,84,0,0
93,A13519006,관공서(세곡동주민센터) 병원() 기타(헌인릉),"초등학교(세명초,대왕초) 중학교()",4,1144,5~10분이내,-,"3호선, 분당선",-,167,745,0,0
94,A13519002,-,초등학교(대왕초),0,457,5~10분이내,10~15분이내,"3호선, 8호선",-,275,135,0,0
95,A10027446,"관공서(수서동주민센터, 수서119안전센터) 병원(삼성의료원) 대형상가(이마트수서점)",초등학교(왕북초등학교) 중학교(대왕중학교),4,853,5~10분이내,5~10분이내,"3호선, 분당선",-,0,0,204,196
96,A13552002,관공서(일원본동주민센터) 병원(삼성의료원) 대형상가(이마트),초등학교(왕북초등학교),5,945,5분이내,10~15분이내,"3호선, 분당선",-,297,340,150,0
97,A13552001,관공서(수서동사무소) 병원(삼성의료원) 공원(탄천공원),초등학교(수서초교) 중학교(수서중교) 고등학교(세종고교),276,0,5분이내,5분이내,"3호선, 분당선",수서역,1512,0,0,0
98,A13522007,관공서(일원본동사무소) 병원(삼성의료원) 백화점(신세계백화점) 공원(일원새싹공원),"초등학교(대모초교) 중학교(대왕중교) 고등학교(서울로봇고, 세종고)",350,184,5~10분이내,5~10분이내,3호선,일원,1403,0,0,0
99,A13588601,관공서() 병원() 대형상가() 공원() 기타(),초등학교() 중학교() 고등학교(),157,157,5분이내,5~10분이내,"3호선, 분당선",수서역,0,330,0,0
100,A13522004,관공서(일원본동사무소) 병원(삼성의료원) 공원(일원새싹공원),"초등학교(대모초교, 서울 왕북초교) 중학교(대왕중교) 고등학교(서울로봇고, 세종고)",168,596,5분이내,5~10분이내,3호선,일원 및 수서,98,582,0,0
101,A13522003,관공서(수서동사무소) 병원(삼성의료원) 백화점(신세계백화점),초등학교(수서초교) 중학교(수서중교) 고등학교(세종고교),650,350,5~10분이내,5~10분이내,"3호선, 분당선",수서,495,150,0,0
102,A13522006,병원(삼성의료원) 백화점(신세계백화점),초등학교(수서초교) 중학교(수서중교) 고등학교(세종고교),209,116,5분이내,5분이내,"3호선, 분당선",수서,1162,0,0,0
103,A13522008,병원(삼성의료원) 백화점(롯데백화점),초등학교(수서초교) 중학교(수서중교) 고등학교(세종고교),580,0,5분이내,5분이내,3호선,수서역,2565,0,0,0
104,A13588402,관공서(수서동주민센터) 병원(삼성의료원) 백화점(신세계백화점) 대형상가(현대벤처빌) 공원(탄천근린공원),초등학교(수서초교) 중학교(수서중교) 고등학교(세종고교),317,425,5~10분이내,5~10분이내,"3호선, 분당선",수서,0,0,438,60
105,A13589802,"관공서(압구정동주민센터, 압구정파출소, 영동119안전센터) 병원(호산병원) 백화점(현대백화점) 대형상가(하나로마트) 공원(도산공원) 기타(강남구립논현도서관)",초등학교(압구정초) 중학교(압구정중) 고등학교(압구정고) 대학교(국제예술대학교),2350,0,5~10분이내,5분이내,3호선,압구정,0,656,387,2087
106,A13511101,관공서(동사무소외) 병원(중앙내과) 백화점(현대백화점),-,344,0,5분이내,5분이내,3호선,-,0,389,329,48
107,A13511001,관공서(신사동사무소-강남구) 병원(김수철성형외과) 공원(신사공원),중학교(신사중학교) 고등학교(현대고등학교),196,0,5분이내,5~10분이내,3호선,-,0,1,125,196
108,A13511003,관공서(신사동사무소) 병원(강남성모병원) 백화점(현대백화점) 대형상가(미성상가),초등학교(신구초등학교) 중학교(신사중학교) 고등학교(현대고등학교),333,334,5분이내,5~10분이내,3호선,-,0,459,180,272
109,A13511004,관공서(동사무소외) 병원(이성복치과의원) 백화점(현대) 공원(신사공원),초등학교(신구초등학교) 중학교(신사중학교) 고등학교(현대고등학교),2800,0,5분이내,5분이내,3호선,-,0,1,871,1052
110,A13590204,"관공서(압구정2동주민센타) 병원(노스웨스턴치과) 백화점(현대백화점,갤러리아백화점) 공원(갈매기공원)",중학교(구정중학교) 고등학교(구정고등학교),850,0,5~10분이내,5~10분이내,"3호선, 분당선","압구정역, 압구정로데오역",0,1,544,280
111,A13590602,"백화점(겔러리아백화점-명품관EAST, WEST,)",초등학교(청담초등학교) 중학교(청담중학교) 고등학교(청담고등학교),596,0,5분이내,5분이내,"3호선, 신분당선",-,0,4,428,150
112,A13551103,"관공서(청담동주민센터, 영동119안전센터, 압구정파출소) 병원(호산병원) 백화점(갤러리아백화점-명품관WEST) 대형상가(하나로마트) 공원(도산공원) 기타(청담도서관)",초등학교(청담초) 중학교(청담중) 고등학교(청담고) 대학교(국제예술대),941,0,5분이내,-,신분당선,-,194,598,145,295
113,A13511201,관공서(압구정파출소) 병원(정지행한의원) 백화점(현대백화점) 공원(갈매기공원),중학교(구정중학교) 고등학교(구정고등학교),465,0,10~15분이내,10~15분이내,"3호선, 분당선",압구정,0,0,371,144
114,A13579506,관공서(강남구청) 병원(강남세브란스) 백화점(롯데백화점(도곡점)) 대형상가(이마트) 공원(삼릉),초등학교(도성) 중학교(진선여중) 고등학교(진선여고),0,387,5~10분이내,5~10분이내,"2호선, 분당선",선릉역,0,144,96,0
115,A13592002,관공서(역삼2동사무소) 병원(엘의원),초등학교(도성초등학교) 중학교(진선여자중학교) 고등학교(진선여자고등학교),0,330,5~10분이내,5~10분이내,2호선,역삼,434,23,0,0
116,A13508003,"관공서(강남,역삼세무서) 병원(새롬치과) 공원(역삼까치공원) 기타(국립중앙도서관)",초등학교(역삼초등학교) 중학교(진선여자중학교) 고등학교(진선여자고등학교),13,276,5~10분이내,5분이내,"2호선, 신분당선",강남,168,0,0,0
117,A13508011,병원(강남세브란스병원) 백화점(롯데백화점) 대형상가(이마트),"초등학교(도성초교,도곡초교) 중학교(역삼중교,도곡중교)",0,626,5~10분이내,5분이내,중앙선,한티,94,188,182,0
118,A13579505,관공서(역삼2동주민센터) 병원(영동세브란스) 백화점(롯데) 공원(소공원),"초등학교(도성, 도곡) 중학교(역삼) 고등학교(진선여고)",0,582,5분이내,5~10분이내,"2호선, 분당선",한티,121,281,0,74
119,A13579503,병원(조내과) 백화점(롯데백화점),"초등학교(도곡초,도성초,대도초) 중학교(역삼중,단대사대부중,숙명여중) 고등학교(중앙사대부고,숙명여고)",13,187,5분이내,5분이내,분당선,한티,30,87,33,0
120,A13592605,관공서(역삼2동사무소) 병원(조두환소아과의원) 백화점(롯데백화점-강남) 대형상가(윌마트) 공원(근린공원),초등학교(도성초등학교) 중학교(역삼중학교) 고등학교(진선여자고등학교),0,852,5~10분이내,-,"2호선, 분당선","2호선 선릉, 분당선 한티역",513,327,0,0
121,A13591903,관공서(역삼2동사무소) 병원(기분좋은치과),초등학교(도성초등학교) 중학교(진선여자중학교) 고등학교(진선여자고등학교),265,0,5~10분이내,5~10분이내,2호선,선릉,0,0,0,264
122,A13592601,관공서(역삼2동사무소) 병원(영동부부치과) 대형상가(윌마트),초등학교(도성초등학교) 중학교(역삼중학교) 고등학교(진선여자고등학교),0,771,5분이내,5~10분이내,중앙선,한티,88,133,143,74
123,A13579501,병원(강남세브란스) 백화점(롯데백화점) 대형상가(이마트) 공원(근린공원),"초등학교(도곡,도성) 중학교(역삼,도곡,단국,숙명여) 고등학교(중대부속,숙명여,진선여)",0,552,5분이내,5~10분이내,"2호선, 분당선",선릉,67,102,85,78
124,A13508002,관공서(역삼2동사무소) 병원(한서병원),초등학교(도성초등학교) 중학교(진선여자중학교) 고등학교(진선여자고등학교),0,228,5~10분이내,5~10분이내,"2호선, 분당선",역삼,0,164,0,0
125,A13591402,-,-,84,250,5분이내,10~15분이내,"2호선, 3호선",-,0,54,129,0
126,A13508004,관공서(역삼2동사무소) 병원(신옥산부인과) 공원(대치은행나무공원),초등학교(도성초등학교) 중학교(진선여자중학교) 고등학교(진선여자고등학교),48,160,5~10분이내,5~10분이내,2호선,선릉,103,103,0,0
127,A13592706,"관공서(역삼1동사무소) 병원(강남세브란스병원, 베스티안병원) 백화점(롯데백화점-강남) 대형상가(이마트) 공원(도곡공원) 기타(도곡재래시장)","초등학교(도성초, 도곡초, 대도초) 중학교(역삼중, 도곡중, 진선여중, 숙명여중) 고등학교(진선여자고, 단국사대부속고, 중대사대부속고,숙명여자고)",126,927,5분이내,5분이내,"2호선, 3호선, 분당선",한티역,722,328,0,0
128,A13508006,병원(강남 세브란스) 대형상가(이마트) 공원(삼릉공원),초등학교(도성초교) 중학교(진선여중) 고등학교(진선여고),0,665,5~10분이내,5~10분이내,"2호선, 분당선",선릉,0,0,0,288
129,A13508010,병원(렌탑치과의원) 공원(역삼까치공원),초등학교(역삼) 중학교(영동),0,238,5분이내,5분이내,"2호선, 신분당선",강남,0,110,56,0
130,A13508009,관공서(강남구청) 병원(강남성모병원) 백화점(롯데백화점) 대형상가(월마트),"초등학교(도곡,도성) 중학교(역삼,도곡,단국,숙명여) 고등학교(중대부속,숙명여,진선여)",0,914,5분이내,5~10분이내,"2호선, 중앙선",선릉,178,0,240,123
131,A10027474,병원(),초등학교(),0,615,5분이내,5~10분이내,"2호선, 분당선",-,104,156,148,0
132,A13592604,"관공서(역삼2동사무소) 병원(강남세브란스병원, 국보한의원) 백화점(현대백화점) 대형상가(이마트)",초등학교(도성초등학교) 중학교(역삼중학교) 고등학교(진선여자고등학교),0,743,5~10분이내,10~15분이내,"2호선, 분당선",분당선 한티역. 2호선 선릉역,376,362,0,0
133,A13508005,병원(이상기치과) 대형상가(삼성디지털프라자) 공원(역삼소나무공원) 기타(국립중앙도서관),초등학교(역삼초등학교) 중학교(진선여자중학교) 고등학교(진선여자고등학교),10,156,15~20분이내,10~15분이내,"2호선, 3호선",-,216,0,0,0
134,A13508001,"병원(차병원) 대형상가(삼성디지털프라자) 공원(논현무궁화공원) 기타(노보텔, 삼정호텔)",-,0,121,5분이내,5분이내,"2호선, 9호선","언주역,역삼역",160,0,0,0
135,A13508012,관공서(역삼2동사무소) 병원(영동세브란스병원),초등학교(도성초등학교) 중학교(진선여자중학교) 고등학교(진선여자고등학교),0,588,5~10분이내,5~10분이내,2호선,선릉,17,184,210,0
136,A13579504,관공서(역삼2동사무소) 병원(기분좋은치과),초등학교(도성초등학교) 중학교(진선여자중학교) 고등학교(진선여자여자고등학교),0,213,5~10분이내,5분이내,"2호선, 분당선",2호선 선릉역,294,0,0,0
137,A10027912,-,-,0,346,20분초과,15~20분이내,3호선,수서역,326,52,0,0
138,A10027909,기타(),초등학교(율현초등학교),4,204,5~10분이내,10~15분이내,"3호선, 분당선",-,108,6,55,0
139,A13594403,관공서(일원2동사무소) 병원(삼성서울병원) 공원(늘푸른공원),초등학교(영희초등학교) 중학교(중동중학교) 고등학교(중동고등학교),578,119,5분이내,5분이내,3호선,대청,0,802,0,0
140,A13594402,"관공서(수서경찰서, 강남우체국, 일원2동 사무소, ) 병원(삼성서울병원) 공원(늘푸른공원, 대청공원)","초등학교(영희초등학교, 일원초등학교) 중학교(중동중학교, 대명중학교) 고등학교(중동고등학교)",300,0,5분이내,5분이내,3호선,대청,0,134,230,0
141,A10025823,관공서() 병원() 대형상가(),초등학교() 중학교() 고등학교(),0,1296,5분이내,5~10분이내,"3호선, 분당선",-,210,395,239,6
142,A13594702,관공서(일원본동사무소) 병원(서울의료원) 공원(진달래공원),초등학교(대모) 중학교(대왕중) 고등학교(서울로봇),684,0,5~10분이내,5~10분이내,3호선,일원,0,740,0,0
143,A13593802,관공서(일원1동사무소) 병원(삼성의료원) 대형상가(LG하이프라자) 공원(일원까치공원),초등학교(대청초교) 고등학교(중동고교),379,124,5~10분이내,10~15분이내,3호선,대청,2214,0,0,0
144,A13523003,관공서(일원본동사무소) 병원(서울의료원) 공원(진달래공원),초등학교(대모) 중학교(대왕중) 고등학교(서울로봇),340,143,5분이내,5분이내,3호선,일원,0,496,0,0
145,A13593801,"관공서(일원동우체국, 수서119안전센터, 수서경찰서) 병원(서울삼성병원) 백화점() 대형상가(하나로마트) 공원(일원까치공원) 기타(한국지역난방공사)","초등학교(대청초) 중학교(수서, 중동중) 고등학교(중동고) 대학교()",550,0,5~10분이내,10~15분이내,3호선,대청,720,0,0,0
146,A13523005,관공서(일원본동사무소) 병원(서울의료원) 공원(진달래공원),초등학교(대모) 중학교(대왕중) 고등학교(서울로봇),432,531,5분이내,5분이내,3호선,일원,0,0,650,0
147,A13523004,관공서(일원본동사무소) 병원(삼성병원) 공원(소나무공원),초등학교(대모) 중학교(대왕중) 고등학교(서울로봇),335,562,5분이내,5분이내,3호선,일원,0,0,613,15
148,A13523001,병원(삼성의료원) 공원(대모산자연공원),초등학교(대모초등학교) 중학교(대왕중학교) 고등학교(로봇고등학교),167,0,5~10분이내,5~10분이내,3호선,-,291,0,0,0
149,A13594203,"관공서(서울시립청소년수련관,일원본동 주민센터) 병원(삼성의료원) 기타(밀알학교)","초등학교(왕북초등학교,대모초등학교) 중학교(대왕중학교) 고등학교(중산고등학교,서울로봇고등학교)",385,306,5분이내,5분이내,3호선,-,466,464,0,0
150,A13594701,병원(삼성서울의료원) 공원(진달래공원),초등학교(대모) 중학교(대왕중) 고등학교(서울로봇),333,126,5~10분이내,5~10분이내,3호선,일원,0,570,0,0
151,A13519008,관공서(세곡동주민센터) 병원(삼성서울병원) 백화점(x) 대형상가(이마트) 공원(x) 기타(대모산),초등학교(세명초) 중학교(세곡중) 고등학교(x) 대학교(x),207,672,5분이내,10~15분이내,"3호선, 분당선",-,1065,0,0,0
152,A10028172,-,-,53,824,5분이내,10~15분이내,"3호선, 분당선",-,195,521,0,0
153,A10027985,병원(내과) 기타(),초등학교(세명초등학교) 중학교(세곡중학교) 고등학교(풍문고등학교),0,1590,5~10분이내,20분초과,"3호선, 8호선, 분당선",-,789,550,0,0
154,A13520002,-,-,7,1630,5~10분이내,-,-,-,625,347,332,0
155,A13520003,관공서(세곡주민센터) 병원(삼성의료원) 대형상가(가든파이브),초등학교(자곡초등학교) 중학교(세곡중학교) 고등학교(),0,1546,5분이내,5~10분이내,"3호선, 8호선, 분당선","수서역, 장지역",0,0,1020,0
156,A13520001,-,-,35,1080,5~10분이내,-,-,-,714,306,50,0
157,A13520004,"관공서(세곡동사무소) 병원(삼성의료원, 경찰병원) 백화점(엔시백화점) 대형상가(이마트) 공원(다수)","초등학교(세명, 자곡초등학교) 중학교(세곡중학교) 고등학교(세종고등학교)",0,520,5분이내,5~10분이내,"3호선, 분당선",-,0,402,0,0
158,A13510103,관공서(청담1동사무소) 병원(이호윤한의원) 공원(청담공원),-,100,454,10~15분이내,10~15분이내,7호선,-,75,86,230,0
159,A13510202,"관공서(청담동사무소) 백화점(압구정현대백화점,갤러리아) 대형상가(소니,삼성 및 LG서비스센터,매장) 공원(도산공원)",초등학교(언북초등학교) 고등학교(영동고등학교),113,75,5~10분이내,10~15분이내,7호선,-,0,214,0,0
160,A13576201,병원(김수균외과),초등학교(청담초등학교) 중학교(청담중학교) 고등학교(영동고등학교),60,149,5~10분이내,10~15분이내,7호선,-,0,240,0,0
161,A13510006,관공서(강남구청) 공원(청담목련공원),초등학교(언북초등학교),115,285,5~10분이내,5~10분이내,7호선,청담역,0,152,119,0
162,A13510003,관공서(청담1동사무소) 병원(송중경소아과) 공원(청담목련공원),-,15,358,10~15분이내,-,7호선,-,0,1,155,40
163,A13510203,관공서(강남구청) 병원(유회현산부인과) 대형상가(LG하이프라자) 공원(삼성은행나무공원),초등학교(언북초등학교) 고등학교(영동고등학교),44,275,5분이내,5분이내,"7호선, 분당선",강남구청역,51,58,108,0
164,A13510009,관공서(강남세무서) 공원(한강시민공원),초등학교(봉은초),49,167,5~10분이내,10~15분이내,7호선,청담,0,0,177,0
165,A13510001,"관공서(강남구청, 강남세무서) 병원(서울청담우리들병원, 청담서울이비인후과의원, 이포치과) 공원(청담근린공원) 기타(신한, 국민, 우리, 기업은행, 하나은행)",초등학교(언북초등학교) 고등학교(영동고등학교),25,135,5분이내,5분이내,7호선,청담역,70,88,0,0
166,A13510005,"관공서(강남구청,강남세무서) 병원(원기정성형외과) 공원(청담공원)",-,1050,0,5분이내,5분이내,7호선,청담역,0,2,242,386
167,A13510104,-,-,1700,0,5~10분이내,5~10분이내,-,-,0,0,576,312
168,A13510201,"관공서(강남구청,강남세무서, 청담동주민센터) 병원(우리들병원) 공원(청담목련공원)",초등학교(언북초교) 중학교(언주중학교) 고등학교(영동고교),69,137,5분이내,5분이내,"7호선, 분당선","청담역, 강남구청역",56,82,46,0
169,A10025280,-,-,14,129,5분이내,-,7호선,-,0,0,108,0
170,A13510007,-,-,0,905,5~10분이내,5분이내,7호선,-,388,116,204,0
171,A13510102,병원(김수균외과),초등학교(청담초등학교) 중학교(청담중학교) 고등학교(영동고등학교),60,354,15~20분이내,10~15분이내,7호선,-,101,76,140,0
172,A13510002,-,초등학교() 고등학교(),142,142,5분이내,10~15분이내,7호선,-,181,4,0,6
